\c company

INSERT into precourse values ('UE17MA151','MA2',4);
INSERT into precourse values ('UE17PH101','EP',4);
INSERT into precourse values ('UE17EE101','BEE',4);
INSERT into precourse values ('UE17CS201','DDCO',4);
INSERT into precourse values ('UE17CS202','DS',4);
INSERT into precourse values ('UE17CS203','IDS',4);
INSERT into precourse values ('UE17CS251','DAA',4);
INSERT into precourse values ('UE17CS252','DBMS',4);
INSERT into precourse values ('UE17CS254','MPCA',4);


INSERT into faculty values ('Chitra','Singh','FAC1201700558', 'CSE');
INSERT into faculty values ('Uma','D','FAC1201700455', 'CSE');
INSERT into faculty values ('CO','Prakash','FAC1201700437', 'CSE');
INSERT into faculty values ('Ajay','Nair','FAC1201700324', 'MSE');
INSERT into faculty values ('Vadiraj','Singh','FAC1201700563', 'EEE');
INSERT into faculty values ('Sumitha','Kumari','FAC1201700348', 'ECE');


INSERT into student values ('James','Borg','PES1201700001', 'CSE',1,'A');
INSERT into student values ('Franklin','Wong','PES1201700002', 'ECE',2,'D');
INSERT into student values ('Jennifer','Wallace','PES1201700003', 'CSE',5,'C');
INSERT into student values ('Alicia','Zelaya','PES1201700004', 'EEE',6,'E');
INSERT into student values ('Ramesh','Narayan','PES1201700005', 'BT',4,'A');
INSERT into student values ('Joyce','English','PES1201700006', 'MES',3,'F');
INSERT into student values ('Ahmed','Jabbar','PES1201700007', 'CSE',3,'D');
INSERT into student values ('Vishal','Ratnam','PES1201700008', 'CSE',3,'C');
INSERT into student values ('Athreya','KM','PES1201700009', 'CSE',3,'H');
INSERT into student values ('Sathvik','Jois','PES1201700010', 'CSE',3,'G');

INSERT into spcourse values ('UE17CS208B', 'CPP',2);
INSERT into spcourse values ('UE17CS205A', 'ML',2);
INSERT into spcourse values ('UE17CS201B', 'AD',2);
INSERT into spcourse values ('UE17CS211C', 'IOOPJ',2);
INSERT into spcourse values ('UE17CS200A', 'USP',2);

insert into results (s_num, f_num, c_num, cbt1, cbt2, esa, assign) values ('PES1201700007', 'FAC1201700775', 'UE17CS254', 112, 66, 194, 3);
insert into results (s_num, f_num, c_num, cbt1, cbt2, esa, assign) values ('PES1201700008', 'FAC1201700775', 'UE17CS254', 64, 159, 392, 8);
insert into results (s_num, f_num, c_num, cbt1, cbt2, esa, assign) values ('PES1201700009', 'FAC1201700775', 'UE17CS254', 83, 114, 349, 6);
insert into results (s_num, f_num, c_num, cbt1, cbt2, esa, assign) values ('PES1201700010', 'FAC1201700775', 'UE17CS254', 116, 82, 355, 3);
insert into results (s_num, f_num, c_num, cbt1, cbt2, esa, assign) values ('PES1201700006', 'FAC1201700775', 'UE17CS254', 131, 95, 387, 4);
insert into results (s_num, f_num, c_num, cbt1, cbt2, esa, assign) values ('PES1201700006', 'FAC1201700558', 'UE17CS253', 125, 104, 424, 9);
insert into results (s_num, f_num, c_num, cbt1, cbt2, esa, assign) values ('PES1201700007', 'FAC1201700558', 'UE17CS253', 133, 116, 407, 6);
insert into results (s_num, f_num, c_num, cbt1, cbt2, esa, assign) values ('PES1201700008', 'FAC1201700558', 'UE17CS253', 157, 173, 211, 8);
insert into results (s_num, f_num, c_num, cbt1, cbt2, esa, assign) values ('PES1201700009', 'FAC1201700558', 'UE17CS253', 78, 128, 365, 8);
insert into results (s_num, f_num, c_num, cbt1, cbt2, esa, assign) values ('PES1201700010', 'FAC1201700558', 'UE17CS253', 67, 79, 231, 3);
insert into results (s_num, f_num, c_num, cbt1, cbt2, esa, assign) values ('PES1201700006', 'FAC1201700455', 'UE17CS203', 108, 122, 303, 2);
insert into results (s_num, f_num, c_num, cbt1, cbt2, esa, assign) values ('PES1201700010', 'FAC1201700455', 'UE17CS203', 164, 157, 469, 9);
insert into results (s_num, f_num, c_num, cbt1, cbt2, esa, assign) values ('PES1201700006', 'FAC1201700935', 'UE17CS201', 152, 121, 200, 2);
insert into results (s_num, f_num, c_num, cbt1, cbt2, esa, assign) values ('PES1201700007', 'FAC1201700935', 'UE17CS201', 166, 128, 249, 9);
insert into results (s_num, f_num, c_num, cbt1, cbt2, esa, assign) values ('PES1201700007', 'FAC1201700455', 'UE17CS203', 154, 177, 449, 3);
insert into results (s_num, f_num, c_num, cbt1, cbt2, esa, assign) values ('PES1201700008', 'FAC1201700455', 'UE17CS203', 103, 111, 424, 5);
insert into results (s_num, f_num, c_num, cbt1, cbt2, esa, assign) values ('PES1201700008', 'FAC1201700935', 'UE17CS201', 64, 72, 158, 5);
insert into results (s_num, f_num, c_num, cbt1, cbt2, esa, assign) values ('PES1201700009', 'FAC1201700935', 'UE17CS201', 150, 173, 362, 3);
insert into results (s_num, f_num, c_num, cbt1, cbt2, esa, assign) values ('PES1201700010', 'FAC1201700935', 'UE17CS201', 167, 160, 234, 8);
insert into results (s_num, f_num, c_num, cbt1, cbt2, esa, assign) values ('PES1201700001', 'FAC1201700563', 'UE17EE101', 176, 160, 303, 5);
insert into results (s_num, f_num, c_num, cbt1, cbt2, esa, assign) values ('PES1201700009', 'FAC1201700455', 'UE17CS203', 184, 177, 229, 4);
insert into results (s_num, f_num, c_num, cbt1, cbt2, esa, assign) values ('PES1201700002', 'FAC1201700563', 'UE17EE101', 164, 95, 376, 7);
insert into results (s_num, f_num, c_num, cbt1, cbt2, esa, assign) values ('PES1201700007', 'FAC1201700455', 'UE17CS203', 154, 177, 449, 3);
insert into results (s_num, f_num, c_num, cbt1, cbt2, esa, assign) values ('PES1201700008', 'FAC1201700455', 'UE17CS203', 103, 111, 424, 5);
insert into results (s_num, f_num, c_num, cbt1, cbt2, esa, assign) values ('PES1201700009', 'FAC1201700455', 'UE17CS203', 184, 177, 229, 4);


